zh,ru,category,note
高等数学,Высшая математика,课程术语,
线性代数,Линейная алгебра,课程术语,
数学分析,Математический анализ,课程术语,
概率论与数理统计,Теория вероятностей и математическая статистика,课程术语,
大学物理,Общая физика,课程术语,
数据结构,Структуры данных,课程术语,
程序设计基础,Основы программирования,课程术语,
微观经济学,Микроэкономика,课程术语,
宏观经济学,Макроэкономика,课程术语,
计量经济学,Эконометрика,课程术语,机器翻译最易翻错的课程名之一
金融学,Финансы,课程术语,
人工智能,Искусственный интеллект,课程术语,
机器学习,Машинное обучение,课程术语,
必修课,обязательная дисциплина,课程术语,
选修课,курс по выбору,课程术语,
学分,зачётная единица,教务用语,具体学分制表述以教务处发布为准
绩点,средний балл,教务用语,即 GPA
学期,семестр,教务用语,
期末考试,экзамен,教务用语,
期中测验,контрольная работа,教务用语,
补考,пересдача,教务用语,
挂科,незачёт,教务用语,口语化表达；正式通知建议用"未通过考核"
成绩单,академическая справка,教务用语,
奖学金,стипендия,教务用语,
学生证,студенческий билет,校园生活,
教务处,учебный отдел,机构名称,
系,факультет,机构名称,部分院校用 институт 视学校建制而定
辅导员,куратор,机构名称,
GPA,GPA,缩写,保留原文不翻译
CAS,CAS,缩写,保留原文不翻译
MOOC,MOOC,缩写,保留原文不翻译
MT-101,MT-101,课程编号,示例：课程编号一律保留原文不翻译
